0001_01.png, 1, 3, 3
0001_02.png, 0, 3, 3
0001_03.png, 3, 1, 0
0002_01.png, 1, 3, 3
0002_02.png, 1, 3, 3
0003_01.png, 2, 0, 1
0003_02.png, 3, 0, 0
0003_03.png, 3, 0, 1
0004_01.png, 2, 0, 0
0004_02.png, 4, 0, 1
0004_03.png, 3, 1, 1
0005_01.png, 3, 0, 0
0005_02.png, 2, 1, 0
0005_03.png, 0, 3, 3
0005_04.png, 3, 0, 0
0005_05.png, 3, 0, 0
0005_06.png, 3, 0, 0
0005_07.png, 3, 1, 0
0005_08.png, 3, 0, 0
0006_01.png, 0, 3, 3
0007_01.png, 3, 0, 0
0007_02.png, 2, 1, 0
0008_01.png, 2, 0, 0
0008_02.png, 1, 3, 3
0009_01.png, 2, 1, 0
0009_02.png, 2, 0, 1
0009_03.png, 3, 1, 1
0009_04.png, 0, 3, 3
0009_05.png, 0, 3, 3
0010_01.png, 0, 3, 3
0010_02.png, 0, 3, 3
0010_03.png, 0, 3, 3
0011_01.png, 2, 1, 0
0011_02.png, 0, 3, 3
0011_03.png, 3, 0, 0
0012_01.png, 0, 3, 3
0012_02.png, 0, 3, 3
0012_03.png, 3, 1, 0
0013_01.png, 1, 3, 3
0013_02.png, 1, 3, 3
0013_03.png, 0, 3, 3
0014_01.png, 3, 0, 1
0014_02.png, 0, 3, 3
0014_03.png, 0, 3, 3
0014_04.png, 2, 1, 2
0014_05.png, 0, 3, 3
0015_01.png, 2, 1, 0
0015_02.png, 1, 3, 3
0015_03.png, 0, 3, 3
0015_04.png, 0, 3, 3
0016_01.png, 2, 1, 0
0017_01.png, 1, 3, 3
0017_02.png, 0, 3, 3
0017_03.png, 1, 3, 3
0018_01.png, 0, 3, 3
0018_02.png, 2, 0, 1
0018_03.png, 3, 0, 1
0019_01.png, 1, 3, 3
0019_02.png, 2, 0, 0
0019_03.png, 3, 1, 1
0019_04.png, 2, 1, 2
0020_01.png, 1, 3, 3
0020_02.png, 3, 2, 1
0021_01.png, 0, 3, 3
0022_02.png, 1, 3, 3
0023_01.png, 3, 0, 1
0023_02.png, 2, 1, 1
0023_03.png, 2, 1, 1
0023_04.png, 2, 1, 0
0024_01.png, 2, 1, 1
0024_02.png, 3, 1, 2
0025_01.png, 2, 1, 1
0025_02.png, 1, 3, 3
0025_03.png, 0, 3, 3
0025_04.png, 0, 3, 3
0025_05.png, 3, 0, 0
0026_01.png, 1, 3, 3
0027_01.png, 2, 1, 0
0028_01.png, 0, 3, 3
0028_02.png, 3, 1, 0
0029_01.png, 1, 3, 3
0029_02.png, 1, 3, 3
0030_01.png, 1, 3, 3
0031_01.png, 2, 0, 0
0031_02.png, 0, 3, 3
0031_03.png, 2, 2, 1
0032_01.png, 1, 3, 3
0033_01.png, 1, 3, 3
0033_02.png, 2, 1, 1
0034_01.png, 3, 0, 1
0034_02.png, 2, 0, 0
0035_01.png, 2, 0, 0
0036_01.png, 2, 0, 0
0036_02.png, 0, 3, 3
0036_03.png, 1, 3, 3
0036_04.png, 2, 1, 0
0036_05.png, 2, 1, 0
0037_01.png, 3, 0, 0
0037_02.png, 0, 3, 3
0037_03.png, 1, 3, 3
0037_04.png, 0, 3, 3
0038_01.png, 1, 3, 3
0038_02.png, 1, 3, 3
0038_03.png, 0, 3, 3
0038_04.png, 0, 3, 3
0039_01.png, 2, 0, 1
0039_02.png, 3, 1, 2
0039_03.png, 0, 3, 3
0040_01.png, 2, 1, 0
0041_01.png, 2, 1, 1
0042_01.png, 3, 0, 1
0042_02.png, 1, 3, 3
0042_03.png, 0, 3, 3
0042_04.png, 0, 3, 3
0042_05.png, 3, 0, 0
0042_06.png, 3, 0, 1
0043_01.png, 1, 3, 3
0044_01.png, 0, 3, 3
0044_02.png, 0, 3, 3
0045_01.png, 2, 1, 1
0046_01.png, 1, 3, 3
0046_02.png, 2, 0, 0
0046_03.png, 0, 3, 3
0046_04.png, 3, 0, 0
0046_05.png, 3, 1, 1
0046_06.png, 3, 0, 1
0047_01.png, 0, 3, 3
0047_02.png, 1, 3, 3
0047_03.png, 3, 0, 1
0047_04.png, 3, 0, 0
0048_01.png, 3, 1, 0
0049_01.png, 2, 1, 0
0049_02.png, 0, 3, 3
0049_03.png, 3, 0, 0
0049_04.png, 3, 0, 1
0049_05.png, 2, 0, 1
0050_01.png, 3, 0, 1
0051_01.png, 2, 0, 2
0051_02.png, 0, 3, 3
0051_03.png, 1, 3, 3
0051_04.png, 2, 0, 1
0051_05.png, 3, 0, 1
0052_01.png, 2, 0, 0
0052_02.png, 2, 1, 0
0052_03.png, 3, 0, 1
0052_04.png, 3, 1, 2
0053_01.png, 0, 3, 3
0053_02.png, 0, 3, 3
0053_03.png, 0, 3, 3
0054_01.png, 3, 0, 0
0054_02.png, 2, 0, 1
0054_03.png, 3, 0, 1
0054_04.png, 4, 0, 0
0054_05.png, 3, 0, 1
0055_01.png, 2, 0, 1
0056_01.png, 3, 0, 0
0057_01.png, 3, 0, 0
0057_02.png, 3, 0, 1
0057_03.png, 2, 0, 0
0057_04.png, 1, 3, 3
0057_05.png, 3, 0, 1
0057_06.png, 1, 3, 3
0058_01.png, 3, 0, 0
0058_02.png, 2, 0, 1
0058_03.png, 3, 0, 1
0058_04.png, 4, 0, 1
0058_05.png, 3, 0, 1
0059_01.png, 3, 0, 0
0059_02.png, 2, 1, 0
0059_03.png, 3, 1, 1
0060_01.png, 3, 0, 0
0061_01.png, 4, 0, 0
0062_01.png, 3, 0, 0
0062_02.png, 1, 3, 3
0063_01.png, 2, 0, 1
0063_02.png, 3, 0, 0
0063_03.png, 0, 3, 3
0063_04.png, 2, 1, 1
0063_05.png, 2, 0, 1
0063_06.png, 0, 3, 3
0063_07.png, 3, 0, 0
0064_01.png, 3, 0, 1
0065_01.png, 3, 0, 1
0065_02.png, 2, 0, 1
0065_03.png, 0, 3, 3
0065_04.png, 3, 0, 0
0066_01.png, 3, 0, 0
0066_02.png, 3, 0, 1
0066_03.png, 3, 0, 1
0066_04.png, 2, 0, 0
0066_05.png, 4, 0, 0
0067_01.png, 1, 3, 3
0067_02.png, 3, 0, 1
0067_03.png, 0, 3, 3
0067_04.png, 1, 3, 3
0068_01.png, 3, 0, 1
0068_02.png, 3, 1, 0
0068_03.png, 3, 0, 1
0068_04.png, 3, 0, 0
0068_05.png, 3, 1, 1
0069_01.png, 2, 0, 1
0069_02.png, 3, 0, 0
0069_03.png, 3, 0, 1
0070_01.png, 2, 0, 2
0071_01.png, 3, 0, 0
0071_02.png, 2, 0, 0
0071_03.png, 1, 3, 3
0071_04.png, 1, 3, 3
0072_01.png, 3, 1, 0
0072_02.png, 1, 3, 3
0072_03.png, 0, 3, 3
0072_04.png, 2, 0, 1
0073_01.png, 0, 3, 3
0074_01.png, 3, 0, 0
0074_02.png, 2, 0, 0
0074_03.png, 3, 0, 0
0074_04.png, 3, 0, 1
0074_05.png, 1, 3, 3
0075_01.png, 3, 0, 0
0075_02.png, 1, 3, 3
0075_03.png, 3, 1, 0
0076_01.png, 3, 0, 0
0076_02.png, 2, 1, 0
0076_03.png, 1, 3, 3
0076_04.png, 0, 3, 3
0077_01.png, 3, 0, 0
0077_02.png, 2, 0, 1
0078_01.png, 2, 0, 1
0079_01.png, 3, 0, 0
0079_02.png, 2, 1, 1
0079_03.png, 1, 3, 3
0079_04.png, 2, 1, 0
0080_01.png, 2, 1, 1
0080_02.png, 3, 1, 0
0080_03.png, 3, 0, 1
0081_01.png, 2, 1, 1
0081_02.png, 3, 0, 0
0081_03.png, 4, 0, 0
0082_01.png, 4, 0, 0
0083_01.png, 3, 1, 0
0083_02.png, 3, 1, 1
0083_03.png, 2, 1, 0
0083_04.png, 2, 2, 1
0084_01.png, 3, 0, 0
0084_02.png, 3, 0, 1
0085_01.png, 3, 1, 0
0085_02.png, 3, 0, 0
0085_03.png, 3, 0, 0
0085_04.png, 3, 0, 0
0086_01.png, 2, 1, 1
0086_02.png, 3, 0, 0
0087_01.png, 3, 0, 0
0087_02.png, 3, 0, 2
0088_01.png, 3, 0, 2
0088_02.png, 2, 1, 1
0088_03.png, 3, 1, 0
0089_01.png, 3, 0, 1
0090_01.png, 3, 0, 1
0090_02.png, 3, 0, 0
0090_03.png, 3, 0, 1
0091_01.png, 4, 0, 0
0091_02.png, 1, 3, 3
0091_03.png, 3, 1, 2
0092_01.png, 3, 0, 0
0092_02.png, 3, 0, 1
0092_03.png, 4, 0, 0
0092_04.png, 3, 0, 0
0092_05.png, 2, 0, 1
0092_06.png, 3, 0, 0
0092_07.png, 3, 0, 1
0092_08.png, 3, 1, 0
0092_09.png, 2, 1, 0
0092_10.png, 3, 1, 0
0093_01.png, 3, 0, 0
0093_02.png, 3, 0, 0
0094_01.png, 3, 0, 0
0094_02.png, 3, 0, 0
0094_03.png, 3, 1, 0
0095_01.png, 4, 1, 0
0095_02.png, 3, 1, 0
0096_01.png, 0, 3, 3
0097_01.png, 2, 0, 1
0097_02.png, 3, 0, 1
0098_01.png, 3, 0, 1
0099_01.png, 3, 0, 0
0100_01.png, 3, 0, 0
0100_02.png, 3, 0, 1
0100_03.png, 3, 1, 1
0101_01.png, 3, 0, 0
0101_02.png, 3, 0, 0
0101_03.png, 3, 0, 0
0101_04.png, 3, 0, 0
0102_01.png, 4, 1, 1
0102_02.png, 2, 1, 0
0102_03.png, 2, 1, 1
0103_01.png, 4, 0, 1
0104_01.png, 3, 0, 1
0104_02.png, 3, 0, 0
0104_03.png, 2, 1, 0
0105_01.png, 2, 0, 0
0105_02.png, 3, 0, 0
0105_03.png, 3, 0, 1
0105_04.png, 4, 0, 1
0105_05.png, 2, 1, 1
0105_06.png, 3, 1, 2
0105_07.png, 3, 0, 0
0106_01.png, 3, 1, 0
0106_02.png, 2, 0, 0
0107_01.png, 2, 0, 0
0107_02.png, 0, 3, 3
0108_01.png, 4, 1, 1
0108_02.png, 2, 1, 1
0108_03.png, 2, 0, 1
0108_04.png, 1, 3, 3
0108_05.png, 3, 0, 0
0109_01.png, 3, 0, 1
0109_02.png, 3, 0, 0
0110_01.png, 3, 0, 0
0110_02.png, 3, 0, 1
0110_03.png, 3, 0, 0
0110_04.png, 3, 0, 0
0111_01.png, 3, 0, 0
0112_01.png, 4, 0, 0
0112_02.png, 2, 1, 1
0112_03.png, 3, 1, 1
0112_04.png, 3, 1, 0
0113_01.png, 3, 0, 0
0113_02.png, 3, 0, 1
0114_01.png, 3, 0, 1
0114_02.png, 2, 0, 0
0114_03.png, 2, 1, 0
0114_04.png, 3, 0, 0
0115_01.png, 3, 0, 2
0116_01.png, 3, 0, 1
0116_02.png, 3, 1, 1
0116_03.png, 3, 1, 2
0116_04.png, 3, 0, 0
0116_05.png, 2, 0, 1
0117_01.png, 3, 0, 0
0118_01.png, 4, 0, 0
0119_01.png, 3, 0, 1
0119_02.png, 3, 1, 1
0120_01.png, 2, 1, 1
0121_01.png, 3, 0, 0
0122_01.png, 4, 0, 0
0123_01.png, 3, 0, 1
0123_02.png, 3, 0, 1
0123_03.png, 3, 0, 2
0124_01.png, 3, 0, 0
0125_01.png, 2, 0, 1
0126_01.png, 3, 0, 0
0126_02.png, 3, 0, 0
0126_03.png, 3, 0, 1
0126_04.png, 3, 1, 1
0126_05.png, 2, 1, 0
0126_06.png, 1, 3, 3
0126_07.png, 3, 0, 0
0126_08.png, 2, 0, 0
0126_09.png, 2, 0, 1
0126_10.png, 2, 1, 1
0127_01.png, 3, 0, 0
0127_02.png, 3, 1, 0
0128_01.png, 3, 0, 1
0129_01.png, 1, 3, 3
0130_01.png, 3, 0, 0
0130_02.png, 3, 0, 1
0130_03.png, 1, 3, 3
0130_04.png, 1, 3, 3
0130_05.png, 3, 0, 1
0130_06.png, 3, 0, 2
0130_07.png, 2, 1, 0
0130_08.png, 0, 3, 3
0130_09.png, 1, 3, 3
0131_01.png, 2, 1, 1
0131_02.png, 3, 0, 0
0131_03.png, 3, 1, 2
0132_01.png, 3, 0, 0
0132_02.png, 1, 3, 3
0132_03.png, 3, 1, 1
0133_01.png, 3, 0, 1
0133_02.png, 1, 3, 3
0134_01.png, 3, 0, 0
0135_01.png, 3, 0, 0
0135_02.png, 4, 0, 0
0135_03.png, 3, 0, 1
0135_04.png, 4, 0, 0
0135_05.png, 2, 2, 0
0136_01.png, 3, 0, 0
0136_02.png, 3, 1, 1
0136_03.png, 4, 0, 0
0137_01.png, 3, 0, 0
0137_02.png, 4, 1, 0
0138_01.png, 3, 0, 0
0139_01.png, 3, 0, 1
0139_02.png, 2, 1, 1
0139_03.png, 3, 0, 2
0140_01.png, 3, 0, 1
0141_01.png, 2, 1, 1
0142_01.png, 2, 1, 1
0142_02.png, 2, 1, 1
0142_03.png, 3, 0, 1
0142_04.png, 3, 0, 0
0142_05.png, 3, 1, 1
0143_01.png, 2, 0, 0
0143_02.png, 3, 0, 0
0144_01.png, 3, 0, 0
0145_01.png, 3, 1, 0
0145_02.png, 4, 0, 0
0146_01.png, 3, 1, 1
0146_02.png, 3, 0, 1
0146_03.png, 3, 0, 1
0146_04.png, 3, 0, 0
0147_01.png, 3, 0, 0
0147_02.png, 3, 0, 1
0147_03.png, 2, 1, 1
0147_04.png, 3, 0, 1
0148_01.png, 3, 0, 0
0148_02.png, 3, 0, 0
0148_03.png, 0, 3, 3
0148_04.png, 2, 1, 1
0149_01.png, 3, 0, 0
0149_02.png, 1, 3, 3
0149_03.png, 0, 3, 3
0150_01.png, 3, 0, 1
0150_02.png, 3, 0, 1
0150_03.png, 3, 0, 1
0150_04.png, 3, 0, 1
0151_01.png, 3, 0, 0
0151_02.png, 2, 1, 1
0151_03.png, 0, 3, 3
0151_04.png, 3, 1, 0
0151_05.png, 3, 1, 0
0152_01.png, 3, 0, 0
0152_02.png, 3, 1, 0
0153_01.png, 3, 0, 0
0153_02.png, 3, 0, 0
0153_03.png, 0, 3, 3
0154_01.png, 3, 0, 0
0155_01.png, 3, 0, 0
0155_02.png, 3, 1, 1
0156_01.png, 3, 0, 0
0156_02.png, 3, 0, 0
0156_03.png, 3, 0, 0
0156_04.png, 3, 1, 0
0157_01.png, 4, 1, 0
0157_02.png, 3, 0, 0
0158_01.png, 3, 0, 0
0159_01.png, 1, 3, 3
0160_01.png, 0, 3, 3
0160_02.png, 1, 3, 3
0161_01.png, 3, 1, 1
0162_01.png, 3, 0, 0
0162_02.png, 3, 1, 1
0163_01.png, 3, 0, 1
0163_02.png, 3, 0, 2
0163_03.png, 2, 1, 1
0164_01.png, 3, 0, 1
0164_02.png, 3, 1, 1
0164_03.png, 2, 1, 1
0165_01.png, 1, 3, 3
0166_01.png, 3, 0, 0
0166_02.png, 3, 0, 1
0167_01.png, 3, 1, 1
0168_01.png, 3, 0, 0
0168_02.png, 2, 0, 1
0168_03.png, 2, 1, 1
0168_04.png, 2, 1, 1
0168_05.png, 3, 0, 0
0168_06.png, 3, 0, 0
0169_01.png, 4, 1, 1
0169_02.png, 2, 2, 1
0169_03.png, 3, 0, 0
0169_04.png, 3, 0, 1
0169_05.png, 3, 0, 0
0169_06.png, 2, 1, 1
0170_01.png, 3, 0, 0
0170_02.png, 0, 3, 3
0170_03.png, 1, 3, 3
0170_04.png, 1, 3, 3
0171_01.png, 3, 0, 1
0171_02.png, 0, 3, 3
0172_01.png, 4, 0, 0
0172_02.png, 4, 1, 1
0172_03.png, 3, 0, 1
0172_04.png, 3, 0, 1
0172_05.png, 4, 0, 1
0172_06.png, 3, 0, 0
0173_01.png, 4, 0, 1
0173_02.png, 0, 3, 3
0173_03.png, 2, 0, 1
0173_04.png, 3, 0, 1
0173_05.png, 3, 0, 1
0173_06.png, 3, 0, 1
0174_01.png, 3, 0, 0
0174_02.png, 2, 1, 0
0174_03.png, 3, 1, 0
0175_01.png, 3, 1, 0
0175_02.png, 1, 3, 3
0175_03.png, 2, 1, 1
0175_04.png, 2, 1, 1
0175_05.png, 3, 1, 1
0176_01.png, 3, 0, 0
0176_02.png, 4, 1, 0
0176_03.png, 3, 1, 1
0176_04.png, 3, 0, 1
0177_01.png, 3, 1, 1
0177_02.png, 3, 1, 2
0177_03.png, 3, 0, 0
0178_01.png, 3, 1, 1
0179_01.png, 4, 0, 0
0179_02.png, 4, 0, 1
0180_01.png, 3, 0, 1
0180_02.png, 3, 0, 0
0181_01.png, 3, 0, 0
0181_02.png, 3, 0, 1
0181_03.png, 3, 0, 1
0182_01.png, 4, 0, 0
0182_02.png, 3, 1, 1
0182_03.png, 3, 0, 0
0182_04.png, 3, 0, 0
0183_01.png, 2, 0, 0
0183_02.png, 0, 3, 3
0184_01.png, 3, 0, 0
0184_02.png, 3, 0, 1
0185_01.png, 3, 0, 1
0186_01.png, 3, 0, 1
0186_02.png, 3, 0, 0
0187_01.png, 0, 3, 3
0187_02.png, 3, 0, 1
0188_01.png, 3, 0, 2
0189_01.png, 3, 1, 1
0189_02.png, 2, 1, 1
0190_01.png, 2, 0, 1
0190_02.png, 0, 3, 3
0190_03.png, 3, 0, 0
0190_04.png, 2, 0, 0
0190_05.png, 3, 0, 1
0190_06.png, 3, 0, 1
0190_07.png, 3, 0, 0
0190_08.png, 3, 0, 1
0191_01.png, 0, 3, 3
0192_01.png, 3, 1, 0
0192_02.png, 1, 3, 3
0193_01.png, 3, 0, 0
0194_01.png, 3, 0, 0
0194_02.png, 3, 0, 0
0194_03.png, 3, 0, 0
0194_04.png, 1, 3, 3
0194_05.png, 3, 0, 1
0195_01.png, 3, 0, 0
0195_02.png, 3, 1, 1
0195_03.png, 1, 3, 3
0195_04.png, 2, 0, 0
0195_05.png, 2, 1, 1
0196_01.png, 4, 0, 0
0197_01.png, 3, 0, 0
0197_02.png, 3, 1, 0
0197_03.png, 0, 3, 3
0197_04.png, 1, 3, 3
198_01.png, 4, 0, 0
199_01.png, 3, 0, 0
200_01.png, 0, 3, 3
200_02.png, 0, 3, 3
200_03.png, 0, 3, 3
200_04.png, 3, 0, 0
200_05.png, 2, 0, 0
201_01.png, 3, 0, 1
201_02.png, 2, 0, 1
201_03.png, 3, 0, 0
201_04.png, 2, 0, 1
201_05.png, 3, 0, 0
201_06.png, 3, 0, 1
202_01.png, 2, 0, 0
202_02.png, 0, 3, 3
202_03.png, 0, 3, 3
202_04.png, 0, 3, 3
202_05.png, 1, 3, 3
202_06.png, 1, 3, 3
202_07.png, 2, 0, 0
202_08.png, 3, 0, 0
203_01.png, 0, 3, 3
203_02.png, 2, 0, 0
203_03.png, 3, 0, 1
203_04.png, 2, 0, 1
204_01.png, 3, 0, 0
204_02.png, 3, 0, 1
204_03.png, 3, 0, 0
204_04.png, 1, 3, 3
204_05.png, 2, 0, 1
204_06.png, 3, 0, 0
205_01.png, 3, 0, 1
205_02.png, 1, 3, 3
206_01.png, 3, 1, 0
206_02.png, 3, 1, 1
207_01.png, 1, 3, 3
207_02.png, 0, 3, 3
208_01.png, 2, 0, 0
208_02.png, 1, 3, 3
208_03.png, 3, 0, 0
208_04.png, 4, 0, 0
208_05.png, 2, 0, 0
208_06.png, 3, 0, 0
209_01.png, 3, 0, 0
209_02.png, 2, 2, 1
210_01.png, 2, 0, 1
210_02.png, 3, 0, 0
210_03.png, 3, 0, 0
210_04.png, 3, 1, 1
210_05.png, 3, 0, 1
210_06.png, 3, 0, 1
211_01.png, 3, 0, 0
211_02.png, 3, 1, 0
211_03.png, 3, 1, 0
211_04.png, 3, 0, 0
211_05.png, 3, 0, 1
211_06.png, 2, 0, 0
212_01.png, 1, 3, 3
212_02.png, 1, 3, 3
212_03.png, 0, 3, 3
212_04.png, 2, 0, 1
212_05.png, 3, 0, 0
212_06.png, 3, 2, 0
212_07.png, 3, 0, 1
213_01.png, 3, 1, 0
213_02.png, 0, 3, 3
214_01.png, 0, 3, 3
214_02.png, 0, 3, 3
214_03.png, 3, 0, 0
214_04.png, 2, 0, 0
215_01.png, 3, 0, 1
215_02.png, 4, 0, 0
215_03.png, 3, 0, 1
215_04.png, 3, 0, 1
215_05.png, 2, 0, 1
216_01.png, 3, 0, 0
216_02.png, 3, 0, 1
216_03.png, 3, 0, 0
216_04.png, 3, 0, 0
217_01.png, 4, 0, 0
217_02.png, 3, 0, 0
218_01.png, 3, 0, 1
218_02.png, 3, 0, 1
218_03.png, 3, 0, 1
218_04.png, 3, 0, 0
219_01.png, 3, 0, 1
220_01.png, 3, 0, 0
220_02.png, 3, 0, 1
221_01.png, 1, 3, 3
221_02.png, 0, 3, 3
221_03.png, 0, 3, 3
221_04.png, 1, 3, 3
221_05.png, 0, 3, 3
221_06.png, 3, 1, 0
221_07.png, 3, 0, 0
221_08.png, 3, 0, 0
221_09.png, 3, 0, 1
232_01.png, 0, 3, 3
232_02.png, 0, 3, 3
232_03.png, 3, 0, 1
233_01.png, 0, 3, 3
234_01.png, 1, 3, 3
234_02.png, 2, 0, 1
235_01.png, 2, 0, 0
235_02.png, 2, 0, 0
236_01.png, 2, 0, 0
237_01.png, 2, 0, 0
237_02.png, 4, 0, 1
237_03.png, 3, 0, 1
237_04.png, 3, 0, 2
237_05.png, 3, 0, 1
237_06.png, 3, 0, 0
238_01.png, 1, 3, 3
239_01.png, 1, 3, 3
240_01.png, 3, 0, 1
240_02.png, 3, 0, 1
240_03.png, 3, 0, 1
241_01.png, 2, 0, 0
241_02.png, 0, 3, 3
241_03.png, 3, 0, 0
241_04.png, 1, 3, 3
241_05.png, 4, 0, 1
242_01.png, 1, 3, 3
242_02.png, 2, 0, 1
243_01.png, 2, 0, 1
244_01.png, 3, 0, 0
244_02.png, 4, 1, 1
245_01.png, 0, 3, 3
246_01.png, 2, 0, 0
247_01.png, 2, 0, 0
247_02.png, 0, 3, 3
247_03.png, 1, 3, 3
247_04.png, 2, 0, 1
248_01.png, 2, 1, 1
248_02.png, 4, 0, 0
248_03.png, 4, 0, 1
249_01.png, 0, 3, 3
250_01.png, 1, 3, 3
250_02.png, 3, 1, 0
251_01.png, 2, 2, 0
252_01.png, 1, 3, 3
252_02.png, 2, 0, 0
253_01.png, 1, 3, 3
254_01.png, 0, 3, 3
255_01.png, 1, 3, 3
255_02.png, 1, 3, 3
256_01.png, 2, 0, 0
256_02.png, 3, 0, 1
256_03.png, 4, 0, 0
256_04.png, 3, 0, 0
257_01.png, 3, 1, 0
257_02.png, 2, 0, 1
257_03.png, 0, 3, 3
257_04.png, 0, 3, 3
257_05.png, 3, 0, 1
258_01.png, 3, 0, 1
258_02.png, 3, 0, 1
258_03.png, 3, 0, 0
258_04.png, 2, 0, 0
259_01.png, 1, 3, 3
260_01.png, 2, 0, 1
260_02.png, 2, 1, 1
260_03.png, 3, 1, 1
261_01.png, 1, 3, 3
261_02.png, 0, 3, 3
261_03.png, 4, 1, 0
261_04.png, 3, 1, 0
262_01.png, 3, 0, 0
262_02.png, 3, 0, 0
263_01.png, 0, 3, 3
264_01.png, 0, 3, 3
265_01.png, 3, 0, 0
266_01.png, 2, 0, 0
266_02.png, 0, 3, 3
266_03.png, 3, 0, 2
267_01.png, 0, 3, 3
268_01.png, 1, 3, 3
268_02.png, 3, 1, 1
268_03.png, 0, 3, 3
268_04.png, 3, 0, 0
269_01.png, 4, 1, 2
269_02.png, 2, 1, 0
270_01.png, 0, 3, 3
270_02.png, 0, 3, 3
271_01.png, 2, 0, 0
271_02.png, 4, 0, 0
272_01.png, 1, 3, 3
273_01.png, 1, 3, 3
273_02.png, 3, 0, 0
273_03.png, 3, 0, 0
273_04.png, 0, 3, 3
274_01.png, 3, 0, 1
275_01.png, 4, 0, 0
275_02.png, 2, 1, 0
275_03.png, 2, 0, 1
275_04.png, 3, 0, 1
275_05.png, 2, 0, 1
275_06.png, 2, 1, 1
275_07.png, 3, 0, 1
276_01.png, 4, 0, 1
276_02.png, 3, 0, 1
276_03.png, 2, 0, 0
276_04.png, 1, 3, 3
277_01.png, 1, 3, 3
278_01.png, 0, 3, 3
279_01.png, 3, 0, 2
279_02.png, 2, 1, 0
280_01.png, 3, 0, 1
281_01.png, 1, 3, 3
282_01.png, 1, 3, 3
282_02.png, 0, 3, 3
282_03.png, 0, 3, 3
283_01.png, 3, 0, 0
283_02.png, 3, 0, 0
283_03.png, 2, 0, 2
283_04.png, 2, 0, 1
283_05.png, 3, 0, 1
284_01.png, 3, 0, 1
284_02.png, 3, 0, 1
285_01.png, 4, 0, 1
285_02.png, 3, 0, 0
286_01.png, 3, 0, 1
286_02.png, 2, 0, 1
286_03.png, 3, 1, 0
286_04.png, 2, 1, 0
287_01.png, 4, 0, 0
287_02.png, 0, 3, 3
287_03.png, 3, 1, 1
288_01.png, 3, 0, 0
288_02.png, 3, 1, 1
289_01.png, 3, 0, 0
290_01.png, 3, 0, 0
291_01.png, 3, 0, 0
291_02.png, 2, 1, 0
291_03.png, 0, 3, 3
292_01.png, 3, 0, 2
292_02.png, 1, 3, 3
292_03.png, 3, 1, 1
292_04.png, 3, 0, 1
293_01.png, 3, 0, 0
293_02.png, 3, 0, 0
293_03.png, 3, 1, 0
293_04.png, 3, 0, 1
293_05.png, 1, 3, 3
293_06.png, 3, 1, 0
294_01.png, 3, 0, 0
294_02.png, 3, 0, 0
294_03.png, 3, 0, 2
294_04.png, 3, 0, 0
294_05.png, 4, 0, 0
294_06.png, 2, 0, 0
294_07.png, 3, 1, 0
294_08.png, 3, 0, 0
295_01.png, 2, 0, 1
296_01.png, 3, 0, 0
296_02.png, 3, 0, 1
297_01.png, 3, 0, 0
297_02.png, 3, 0, 1
297_03.png, 1, 3, 3
297_04.png, 1, 3, 3
297_05.png, 2, 0, 1
298_01.png, 3, 0, 0
298_02.png, 3, 0, 0
298_03.png, 1, 3, 3
299_01.png, 2, 0, 1
299_02.png, 0, 3, 3
300_01.png, 4, 0, 0
300_02.png, 3, 0, 1
300_03.png, 3, 0, 0
300_04.png, 2, 0, 1
300_05.png, 3, 0, 1
300_06.png, 2, 1, 0
300_07.png, 2, 0, 1
301_01.png, 3, 0, 0
301_02.png, 3, 0, 0
301_03.png, 4, 0, 1
301_04.png, 3, 0, 0
301_05.png, 3, 0, 0
301_06.png, 3, 0, 0
301_07.png, 3, 0, 0
302_01.png, 3, 0, 0
302_02.png, 2, 0, 0
302_03.png, 2, 1, 0
302_04.png, 3, 0, 0
303_01.png, 3, 0, 0
303_02.png, 3, 0, 0
303_03.png, 3, 1, 1
303_04.png, 4, 0, 1
304_01.png, 1, 3, 3
304_02.png, 2, 0, 1
305_01.png, 3, 0, 0
305_02.png, 2, 0, 1
306_01.png, 3, 0, 1
306_02.png, 0, 3, 3
306_03.png, 3, 0, 0
307_01.png, 3, 0, 1
308_01.png, 3, 0, 0
309_01.png, 4, 0, 0
309_02.png, 3, 0, 0
309_03.png, 3, 0, 1
309_04.png, 3, 0, 0
310_01.png, 3, 1, 1
310_02.png, 3, 0, 0
310_03.png, 3, 0, 1
310_04.png, 2, 1, 0
311_01.png, 3, 0, 1
311_02.png, 4, 1, 2
311_03.png, 2, 1, 0
311_04.png, 3, 0, 1
312_01.png, 0, 3, 3
313_01.png, 3, 0, 0
313_02.png, 1, 3, 3
313_03.png, 2, 0, 1
313_04.png, 3, 0, 0
314_01.png, 3, 0, 0
315_01.png, 4, 0, 0
315_02.png, 0, 3, 3
316_01.png, 3, 0, 0
317_01.png, 1, 3, 3
317_02.png, 0, 3, 3
318_01.png, 3, 0, 1
318_02.png, 3, 0, 1
318_03.png, 2, 0, 0
319_01.png, 2, 1, 0
319_02.png, 0, 3, 3
319_03.png, 0, 3, 3
319_04.png, 3, 0, 0
319_05.png, 3, 0, 1
319_06.png, 2, 1, 0
320_01.png, 2, 0, 1
321_01.png, 3, 0, 1
321_02.png, 4, 0, 0
321_03.png, 3, 0, 0
321_04.png, 3, 0, 1
322_01.png, 0, 3, 3
323_01.png, 3, 0, 0
323_02.png, 4, 0, 0
323_03.png, 3, 1, 1
323_04.png, 3, 0, 1
324_01.png, 4, 0, 0
324_02.png, 3, 1, 1
324_03.png, 4, 1, 1
324_04.png, 2, 0, 1
324_05.png, 3, 0, 0
324_06.png, 3, 0, 0
325_01.png, 3, 0, 0
325_02.png, 0, 3, 3
325_03.png, 0, 3, 3
326_01.png, 3, 0, 0
326_02.png, 2, 0, 1
326_03.png, 2, 0, 0
327_01.png, 4, 0, 0
327_02.png, 4, 1, 0
327_03.png, 3, 0, 0
327_04.png, 3, 0, 0
327_05.png, 3, 1, 0
327_06.png, 3, 0, 0
328_01.png, 4, 0, 0
328_02.png, 3, 0, 1
328_03.png, 4, 0, 1
328_04.png, 4, 0, 1
329_01.png, 3, 0, 0
329_02.png, 4, 0, 0
329_03.png, 2, 1, 0
329_04.png, 3, 1, 1
330_01.png, 3, 0, 0
330_02.png, 2, 0, 0
330_03.png, 3, 0, 0
331_01.png, 3, 0, 0
331_02.png, 3, 0, 0
331_03.png, 2, 0, 0
331_04.png, 3, 0, 0
331_05.png, 3, 0, 0
332_01.png, 1, 3, 3
333_01.png, 2, 1, 0
333_02.png, 3, 0, 0
333_03.png, 3, 1, 1
333_04.png, 2, 0, 1
333_05.png, 3, 0, 0
334_01.png, 3, 0, 0
334_02.png, 3, 0, 1
335_01.png, 2, 0, 1
336_01.png, 3, 0, 0
336_02.png, 3, 0, 0
337_01.png, 3, 0, 1
337_02.png, 3, 0, 0
338_01.png, 3, 0, 0
338_02.png, 4, 1, 1
338_03.png, 0, 3, 3
338_04.png, 2, 0, 1
339_01.png, 4, 0, 1
340_01.png, 2, 0, 1
340_02.png, 1, 3, 3
340_03.png, 3, 0, 1
340_04.png, 1, 3, 3
340_05.png, 2, 0, 0
341_01.png, 3, 0, 0
341_02.png, 1, 3, 3
341_03.png, 1, 3, 3
341_04.png, 1, 3, 3
341_05.png, 2, 1, 0
342_01.png, 3, 0, 0
342_02.png, 1, 3, 3
342_03.png, 2, 0, 0
342_04.png, 0, 3, 3
342_05.png, 0, 3, 3
342_06.png, 3, 0, 1
342_07.png, 0, 3, 3
342_08.png, 3, 0, 1
343_01.png, 3, 0, 0
343_02.png, 3, 0, 0
343_03.png, 4, 0, 1
344_01.png, 3, 0, 0
344_02.png, 3, 0, 0
344_03.png, 3, 0, 0
344_04.png, 2, 0, 0
344_05.png, 3, 1, 1
345_01.png, 2, 0, 0
345_02.png, 2, 0, 0
345_03.png, 1, 3, 3
346_01.png, 3, 0, 1
346_02.png, 3, 0, 0
346_03.png, 2, 1, 0
346_04.png, 2, 0, 0
347_01.png, 3, 0, 0
347_02.png, 3, 1, 0
347_03.png, 3, 0, 1
347_04.png, 2, 0, 1
348_01.png, 3, 0, 0
349_01.png, 3, 0, 0
349_02.png, 2, 1, 0
350_01.png, 3, 0, 0
350_02.png, 2, 0, 0
350_03.png, 2, 1, 0
350_04.png, 2, 0, 0
350_05.png, 3, 0, 1
350_06.png, 3, 0, 0
351_01.png, 3, 0, 0
351_02.png, 3, 1, 0
351_03.png, 3, 0, 1
352_01.png, 3, 0, 1
352_02.png, 0, 3, 3
352_03.png, 3, 0, 0
352_04.png, 2, 0, 0
352_05.png, 2, 1, 0
353_01.png, 3, 0, 0
353_02.png, 3, 0, 0
353_03.png, 3, 0, 0
353_04.png, 4, 0, 0
353_05.png, 2, 0, 0
354_01.png, 3, 0, 0
354_02.png, 3, 0, 1
354_03.png, 3, 0, 0
354_04.png, 1, 3, 3
354_05.png, 1, 3, 3
355_01.png, 4, 0, 0
355_02.png, 3, 0, 0
355_03.png, 3, 0, 0
356_01.png, 4, 0, 0
357_01.png, 3, 0, 0
357_02.png, 3, 1, 0
357_03.png, 3, 0, 0
358_01.png, 3, 0, 1
358_02.png, 3, 0, 0
359_01.png, 3, 0, 0
359_02.png, 2, 0, 0
360_01.png, 3, 0, 0
361_01.png, 4, 0, 0
361_02.png, 3, 0, 0
361_03.png, 1, 3, 3
362_01.png, 3, 0, 0
362_02.png, 3, 0, 0
362_03.png, 3, 0, 1
362_04.png, 3, 0, 0
363_01.png, 3, 0, 0
363_02.png, 3, 0, 0
363_03.png, 2, 0, 0
363_04.png, 1, 3, 3
363_05.png, 3, 0, 0
363_06.png, 3, 1, 0
364_01.png, 3, 0, 0
365_01.png, 3, 0, 1
366_01.png, 3, 0, 0
366_02.png, 3, 0, 0
366_03.png, 2, 1, 1
366_04.png, 3, 1, 1
367_01.png, 2, 0, 0
368_01.png, 3, 0, 0
368_02.png, 3, 0, 0
368_03.png, 3, 0, 0
368_04.png, 2, 1, 0
368_05.png, 2, 0, 0
369_01.png, 3, 0, 0
369_02.png, 3, 0, 0
369_03.png, 3, 0, 0
369_04.png, 3, 0, 0
369_05.png, 3, 1, 0
369_06.png, 0, 3, 3
370_01.png, 4, 0, 0
370_02.png, 0, 3, 3
371_01.png, 3, 0, 0
371_02.png, 3, 0, 0
371_03.png, 3, 0, 0
372_01.png, 3, 0, 0
372_02.png, 0, 3, 3
372_03.png, 3, 0, 0
372_04.png, 4, 0, 0
372_05.png, 3, 0, 0
372_06.png, 3, 0, 0
373_01.png, 3, 0, 0
374_01.png, 3, 1, 0
374_02.png, 1, 3, 3
374_03.png, 1, 3, 3
375_01.png, 2, 0, 1
376_01.png, 3, 0, 0
377_01.png, 3, 0, 1
377_02.png, 3, 0, 0
377_03.png, 3, 0, 1
377_04.png, 0, 3, 3
378_01.png, 3, 1, 2
379_01.png, 1, 3, 3
379_02.png, 3, 0, 2
380_01.png, 2, 0, 0
380_02.png, 0, 3, 3
381_01.png, 4, 0, 0
381_02.png, 2, 0, 1
381_03.png, 4, 0, 0
382_01.png, 4, 0, 0
383_01.png, 3, 0, 0
383_02.png, 0, 3, 3
383_03.png, 3, 0, 0
383_04.png, 2, 0, 1
384_01.png, 3, 0, 0
384_02.png, 3, 0, 1
384_03.png, 2, 0, 1
384_04.png, 2, 0, 1
384_05.png, 3, 0, 1
385_01.png, 0, 3, 3
385_02.png, 1, 3, 3
386_01.png, 3, 1, 0
387_01.png, 3, 0, 0
388_01.png, 3, 0, 0
388_02.png, 3, 0, 0
388_03.png, 3, 0, 0
389_01.png, 3, 0, 1
389_02.png, 3, 1, 0
390_01.png, 3, 0, 1
390_02.png, 3, 0, 0
390_03.png, 3, 1, 0
390_04.png, 2, 0, 0
391_01.png, 3, 0, 0
391_02.png, 3, 0, 1
392_01.png, 3, 0, 0
392_02.png, 3, 0, 0
392_03.png, 1, 3, 3
392_04.png, 2, 0, 0
392_05.png, 3, 0, 0
392_06.png, 0, 3, 3
392_07.png, 2, 0, 0
393_01.png, 3, 0, 0
393_02.png, 0, 3, 3
393_03.png, 1, 3, 3
393_04.png, 1, 3, 3
393_05.png, 2, 0, 0
393_06.png, 3, 0, 0
393_07.png, 3, 0, 0
393_08.png, 1, 3, 3
393_09.png, 3, 0, 0
393_10.png, 3, 0, 0
393_11.png, 3, 1, 1
394_01.png, 3, 0, 0
395_01.png, 3, 0, 0
395_02.png, 2, 0, 1
396_01.png, 3, 0, 0
397_01.png, 2, 0, 0
398_01.png, 3, 1, 0
399_01.png, 3, 1, 0
399_02.png, 2, 0, 1
399_03.png, 0, 3, 3
399_04.png, 3, 1, 0
400_01.png, 3, 0, 0
400_02.png, 3, 0, 0
400_03.png, 3, 0, 0
401_01.png, 3, 0, 0
401_02.png, 2, 0, 0
401_03.png, 3, 0, 0
401_04.png, 2, 0, 1
401_05.png, 3, 0, 0
402_01.png, 3, 0, 0
402_02.png, 3, 0, 0
403_01.png, 3, 0, 2
404_01.png, 2, 2, 0
405_01.png, 4, 0, 0
405_02.png, 3, 0, 0
405_03.png, 2, 0, 1
405_04.png, 3, 0, 2
405_05.png, 2, 0, 1
406_01.png, 3, 0, 0
406_02.png, 1, 3, 3
406_03.png, 1, 3, 3
406_04.png, 2, 0, 1
406_05.png, 2, 0, 1
406_06.png, 2, 0, 0
407_01.png, 2, 0, 0
407_02.png, 3, 0, 1
407_03.png, 1, 3, 3
408_01.png, 3, 0, 0
408_02.png, 0, 3, 3
409_01.png, 3, 0, 1
409_02.png, 3, 0, 0
409_03.png, 3, 1, 1
409_04.png, 3, 0, 1
409_05.png, 2, 0, 0
409_06.png, 3, 0, 0
410_01.png, 3, 0, 0
411_01.png, 3, 0, 0
411_02.png, 3, 2, 1
411_03.png, 3, 0, 2
411_04.png, 2, 0, 1
412_01.png, 3, 0, 0
412_02.png, 3, 0, 0
412_03.png, 2, 0, 0
412_04.png, 2, 0, 0
413_01.png, 3, 0, 0
414_01.png, 4, 0, 0
414_02.png, 3, 0, 1
414_03.png, 2, 1, 0
414_04.png, 3, 0, 0
414_05.png, 3, 0, 0
414_06.png, 3, 0, 0
414_07.png, 3, 0, 0
414_08.png, 3, 0, 1
414_09.png, 3, 0, 0
414_10.png, 3, 0, 0
415_01.png, 3, 0, 0
416_01.png, 4, 0, 0
417_01.png, 4, 0, 0
418_01.png, 3, 0, 0
419_01.png, 3, 0, 0
419_02.png, 2, 1, 0
420_01.png, 3, 0, 0
420_02.png, 3, 0, 0
420_03.png, 3, 0, 0
420_04.png, 2, 0, 0
420_05.png, 2, 0, 0
420_06.png, 3, 0, 0
420_07.png, 3, 0, 0
420_08.png, 3, 0, 0
421_01.png, 3, 0, 0
421_02.png, 2, 0, 0
421_03.png, 3, 0, 1
421_04.png, 3, 0, 0
421_05.png, 3, 0, 1
421_06.png, 3, 0, 0
421_07.png, 3, 0, 0
422_01.png, 1, 3, 3
423_01.png, 3, 0, 0
424_01.png, 3, 0, 0
425_01.png, 4, 0, 0
426_01.png, 2, 0, 2
427_01.png, 3, 0, 0
427_02.png, 2, 0, 1
428_01.png, 3, 0, 0
429_01.png, 4, 0, 0
430_01.png, 0, 3, 3
430_02.png, 2, 1, 0
430_03.png, 0, 3, 3
430_04.png, 2, 0, 0
430_05.png, 3, 0, 0
430_06.png, 3, 0, 0
430_07.png, 4, 0, 0
430_08.png, 3, 0, 0
430_09.png, 4, 0, 0
431_01.png, 2, 1, 0
431_02.png, 2, 0, 1
431_03.png, 0, 3, 3
431_04.png, 0, 3, 3
431_05.png, 3, 0, 0
432_01.png, 3, 0, 0
432_02.png, 3, 0, 0
432_03.png, 2, 1, 0
432_04.png, 0, 3, 3
433_01.png, 3, 1, 0
433_02.png, 3, 0, 1
433_03.png, 3, 0, 0
433_04.png, 2, 0, 0
434_01.png, 0, 3, 3
434_02.png, 0, 3, 3
434_03.png, 2, 0, 1
434_04.png, 2, 0, 0
434_05.png, 0, 3, 3
434_06.png, 0, 3, 3
434_07.png, 0, 3, 3
434_08.png, 3, 0, 0
435_01.png, 3, 0, 0
436_01.png, 3, 0, 0
436_02.png, 3, 0, 0
436_03.png, 2, 0, 1
436_04.png, 2, 0, 0
436_05.png, 3, 1, 0
436_06.png, 3, 0, 0
436_07.png, 3, 0, 0
436_08.png, 3, 1, 1
437_01.png, 2, 0, 1
437_02.png, 2, 1, 0
437_03.png, 0, 3, 3
437_04.png, 4, 0, 0
438_01.png, 3, 0, 0
438_02.png, 3, 0, 0
438_03.png, 2, 0, 1
439_01.png, 4, 0, 0
439_02.png, 3, 0, 0
439_03.png, 0, 3, 3
439_04.png, 0, 3, 3
439_05.png, 0, 3, 3
439_06.png, 3, 0, 1
440_01.png, 3, 1, 0
440_02.png, 3, 0, 0
441_01.png, 0, 3, 3
441_02.png, 2, 0, 0
442_01.png, 3, 0, 2
442_02.png, 3, 0, 1
442_03.png, 0, 3, 3
442_04.png, 3, 0, 1
443_01.png, 3, 0, 0
443_02.png, 4, 0, 1
443_03.png, 3, 0, 0
443_04.png, 3, 0, 0
443_05.png, 3, 1, 2
444_01.png, 1, 3, 3
444_02.png, 3, 0, 1
444_03.png, 3, 0, 0
444_04.png, 3, 0, 0
445_01.png, 3, 1, 0
445_02.png, 3, 0, 0
445_03.png, 3, 0, 0
446_01.png, 3, 0, 2
446_02.png, 3, 0, 2
447_01.png, 2, 2, 0
447_02.png, 3, 0, 1
448_01.png, 0, 3, 3
449_01.png, 3, 2, 1
450_01.png, 0, 3, 3
451_01.png, 1, 3, 3
452_01.png, 3, 0, 0
453_01.png, 2, 0, 0
454_01.png, 2, 0, 0
455_01.png, 1, 3, 3
456_01.png, 2, 0, 0
456_02.png, 1, 3, 3
456_03.png, 2, 0, 0
456_04.png, 3, 1, 0
456_05.png, 3, 0, 1
456_06.png, 3, 0, 0
456_07.png, 3, 0, 0
457_01.png, 2, 0, 0
457_02.png, 3, 0, 0
457_03.png, 3, 0, 0
457_04.png, 3, 1, 0
458_01.png, 2, 0, 1
458_02.png, 3, 0, 0
458_03.png, 3, 1, 1
458_04.png, 3, 1, 0
459_01.png, 0, 3, 3
459_02.png, 1, 3, 3
459_03.png, 2, 0, 0
460_01.png, 2, 0, 0
460_02.png, 3, 0, 0
461_01.png, 1, 3, 3
462_01.png, 0, 3, 3
462_02.png, 2, 0, 0
463_01.png, 2, 0, 0
463_02.png, 3, 1, 1
463_03.png, 3, 0, 1
463_04.png, 3, 0, 0
463_05.png, 3, 0, 0
464_01.png, 2, 0, 0
465_01.png, 3, 0, 0
465_02.png, 3, 0, 0
466_01.png, 3, 0, 0
466_02.png, 2, 1, 1
467_01.png, 3, 0, 0
467_02.png, 3, 0, 1
467_03.png, 3, 0, 0
467_04.png, 3, 1, 0
468_01.png, 3, 0, 0
468_02.png, 3, 0, 1
468_03.png, 2, 1, 0
469_01.png, 2, 0, 0
469_02.png, 2, 1, 0
469_03.png, 2, 0, 1
470_01.png, 3, 0, 0
470_02.png, 1, 3, 3
471_01.png, 3, 0, 0
471_02.png, 2, 2, 0
472_01.png, 3, 0, 1
473_01.png, 2, 1, 0
474_01.png, 3, 0, 0
474_02.png, 2, 0, 1
474_03.png, 0, 3, 3
474_04.png, 3, 0, 1
474_05.png, 2, 1, 0
475_01.png, 3, 0, 0
475_02.png, 3, 0, 1
475_03.png, 4, 0, 0
475_04.png, 0, 3, 3
475_05.png, 3, 0, 1
475_06.png, 2, 0, 0
475_07.png, 3, 0, 0
476_01.png, 3, 0, 0
477_01.png, 3, 0, 0
477_02.png, 1, 3, 3
477_03.png, 1, 3, 3
478_01.png, 3, 0, 0
478_02.png, 3, 0, 1
478_03.png, 3, 0, 0
478_04.png, 2, 0, 1
479_01.png, 3, 0, 0
479_02.png, 3, 0, 0
479_03.png, 2, 0, 0
480_01.png, 3, 1, 0
481_01.png, 3, 0, 0
481_02.png, 4, 0, 0
481_03.png, 3, 0, 1
482_01.png, 1, 3, 3
483_01.png, 3, 0, 0
483_02.png, 2, 0, 0
483_03.png, 3, 0, 0
483_04.png, 3, 0, 1
484_01.png, 3, 0, 0
484_02.png, 3, 0, 0
485_01.png, 3, 0, 1
485_02.png, 3, 1, 0
486_01.png, 4, 0, 0
487_01.png, 4, 0, 0
488_01.png, 3, 0, 0
488_02.png, 2, 0, 1
489_01.png, 3, 0, 0
489_02.png, 3, 0, 1
489_03.png, 2, 0, 0
490_01.png, 3, 0, 0
490_02.png, 3, 0, 0
490_03.png, 3, 0, 0
491_01.png, 3, 0, 0
492_01.png, 3, 0, 0
492_02.png, 3, 0, 2
492_03.png, 2, 0, 0
493_01.png, 3, 0, 0
493_02.png, 0, 3, 3
494_01.png, 3, 0, 0
494_02.png, 3, 1, 0
495_01.png, 3, 0, 0
495_02.png, 3, 0, 1
495_03.png, 3, 0, 2
495_04.png, 3, 1, 1
496_01.png, 4, 0, 0
496_02.png, 0, 3, 3
496_03.png, 0, 3, 3
496_04.png, 0, 3, 3
496_05.png, 3, 0, 0
496_06.png, 3, 0, 0
496_07.png, 2, 0, 0
497_01.png, 3, 0, 0
497_02.png, 3, 0, 0
497_03.png, 4, 0, 1
497_04.png, 3, 1, 1
498_01.png, 3, 0, 0
498_02.png, 4, 0, 0
498_03.png, 4, 1, 0
499_01.png, 3, 0, 1
499_02.png, 2, 0, 0
500_01.png, 3, 1, 0
501_01.png, 3, 0, 1
501_02.png, 3, 0, 0
501_03.png, 3, 0, 0
501_04.png, 1, 3, 3
501_05.png, 3, 0, 0
501_06.png, 3, 0, 0
501_07.png, 3, 0, 0
502_01.png, 3, 0, 0
502_02.png, 4, 0, 0
503_01.png, 1, 3, 3
504_01.png, 3, 0, 1
504_02.png, 3, 1, 0
505_01.png, 3, 1, 0
506_01.png, 3, 0, 0
506_02.png, 3, 0, 0
507_01.png, 3, 1, 0
507_02.png, 3, 0, 1
507_03.png, 3, 1, 0
507_04.png, 1, 3, 3
507_05.png, 1, 3, 3
508_01.png, 0, 3, 3
508_02.png, 2, 0, 0
508_03.png, 3, 0, 1
508_04.png, 2, 1, 1
508_05.png, 3, 0, 2
509_01.png, 3, 1, 1
510_01.png, 2, 1, 1
510_02.png, 3, 0, 0
511_01.png, 4, 0, 0
512_01.png, 3, 1, 1
512_02.png, 3, 0, 0
513_01.png, 3, 0, 0
513_02.png, 2, 0, 0
513_03.png, 3, 0, 0
514_01.png, 2, 0, 1
515_01.png, 2, 0, 0
515_02.png, 2, 1, 1
515_03.png, 3, 0, 1
516_01.png, 3, 0, 0
516_02.png, 3, 0, 0
516_03.png, 4, 0, 1
516_04.png, 2, 1, 1
517_01.png, 4, 0, 0
517_02.png, 3, 0, 0
518_01.png, 2, 0, 0
519_01.png, 2, 0, 1
520_01.png, 3, 0, 0
520_02.png, 1, 3, 3
520_03.png, 3, 0, 0
520_04.png, 3, 0, 0
521_01.png, 0, 3, 3
521_02.png, 2, 0, 0
522_01.png, 1, 3, 3
523_01.png, 3, 1, 0
523_02.png, 2, 0, 0
523_03.png, 2, 1, 0
523_04.png, 3, 0, 0
524_01.png, 2, 0, 1
524_02.png, 1, 3, 3
524_03.png, 2, 1, 0
524_04.png, 2, 1, 0
525_01.png, 3, 0, 0
525_02.png, 3, 0, 1
525_03.png, 3, 0, 0
526_01.png, 3, 0, 0
527_01.png, 3, 0, 0
528_01.png, 3, 0, 0
528_02.png, 3, 0, 1
528_03.png, 3, 0, 0
528_04.png, 2, 0, 0
528_05.png, 4, 1, 0
528_06.png, 3, 0, 0
529_01.png, 3, 0, 0
529_02.png, 3, 1, 1
529_03.png, 3, 0, 0
529_04.png, 3, 0, 0
529_05.png, 1, 3, 3
530_01.png, 3, 1, 0
530_02.png, 3, 0, 1
531_01.png, 3, 1, 1
531_02.png, 3, 0, 1
532_01.png, 3, 0, 0
532_02.png, 2, 1, 1
533_01.png, 3, 0, 0
533_02.png, 3, 1, 0
533_03.png, 3, 0, 1
534_01.png, 2, 0, 0
535_01.png, 2, 0, 2
535_02.png, 3, 0, 0
535_03.png, 3, 0, 1
535_04.png, 3, 0, 1
536_01.png, 2, 0, 0
537_01.png, 3, 0, 0
538_01.png, 3, 0, 0
539_01.png, 3, 0, 0
539_02.png, 3, 0, 2
540_01.png, 0, 3, 3
541_01.png, 2, 1, 2
541_02.png, 2, 1, 1
541_03.png, 1, 3, 3
542_01.png, 4, 0, 0
542_02.png, 3, 0, 0
543_01.png, 3, 0, 0
543_02.png, 3, 0, 1
543_03.png, 3, 1, 0
544_01.png, 3, 0, 1
544_02.png, 2, 0, 2
545_01.png, 3, 2, 0
546_01.png, 2, 0, 0
546_02.png, 3, 0, 0
547_01.png, 3, 0, 1
547_02.png, 3, 1, 0
547_03.png, 3, 0, 1
547_04.png, 2, 0, 0
547_05.png, 3, 0, 2
547_06.png, 2, 0, 0
548_01.png, 4, 0, 0
548_02.png, 2, 2, 0
549_01.png, 3, 0, 0
550_01.png, 3, 0, 0
550_02.png, 0, 3, 3
550_03.png, 3, 0, 0
551_01.png, 1, 3, 3
552_01.png, 3, 0, 0
553_01.png, 3, 0, 1
553_02.png, 2, 0, 0
553_03.png, 2, 0, 0
553_04.png, 0, 3, 3
553_05.png, 1, 3, 3
553_06.png, 2, 0, 1
554_01.png, 3, 0, 0
554_02.png, 4, 0, 0
554_03.png, 3, 0, 0
554_04.png, 3, 1, 2
554_05.png, 0, 3, 3
555_01.png, 0, 3, 3
556_01.png, 3, 0, 1
556_02.png, 3, 0, 0
557_01.png, 1, 3, 3
557_02.png, 0, 3, 3
558_01.png, 3, 0, 0
558_02.png, 2, 1, 0
558_03.png, 3, 2, 0
558_04.png, 3, 1, 1
559_01.png, 4, 1, 0
559_02.png, 3, 0, 0
559_03.png, 4, 0, 0
560_01.png, 2, 0, 0
560_02.png, 3, 0, 0
561_01.png, 3, 0, 0
562_01.png, 3, 0, 0
562_02.png, 2, 0, 1
563_01.png, 3, 0, 0
563_02.png, 3, 0, 0
564_01.png, 3, 0, 0
564_02.png, 2, 1, 0
564_03.png, 3, 1, 2
565_01.png, 0, 3, 3
566_01.png, 3, 0, 0
566_02.png, 0, 3, 3
566_03.png, 0, 3, 3
567_01.png, 3, 0, 1
568_01.png, 3, 0, 0
569_01.png, 0, 3, 3
569_02.png, 0, 3, 3
569_03.png, 0, 3, 3
570_01.png, 3, 0, 0
571_01.png, 3, 0, 0
571_02.png, 0, 3, 3
571_03.png, 3, 0, 1
572_01.png, 3, 0, 0
572_02.png, 3, 0, 2
572_03.png, 2, 2, 1
573_01.png, 0, 3, 3
574_01.png, 1, 3, 3
574_02.png, 1, 3, 3
575_01.png, 3, 0, 0
576_01.png, 4, 0, 0
577_01.png, 0, 3, 3
578_01.png, 3, 0, 0
578_02.png, 3, 1, 0
579_01.png, 3, 1, 0
580_01.png, 3, 0, 0
581_01.png, 3, 0, 0
581_02.png, 3, 1, 1
582_01.png, 3, 1, 0
583_01.png, 2, 1, 0
583_02.png, 3, 0, 0
583_03.png, 0, 3, 3
584_01.png, 3, 0, 0
585_01.png, 3, 0, 1
586_01.png, 0, 3, 3
586_02.png, 2, 0, 1
587_01.png, 0, 3, 3
587_02.png, 2, 0, 2
588_01.png, 3, 0, 0
588_02.png, 3, 0, 0
588_03.png, 3, 0, 0
588_04.png, 3, 1, 1
588_05.png, 3, 0, 1
588_06.png, 3, 1, 2
588_07.png, 2, 0, 0
588_08.png, 1, 3, 3
588_09.png, 2, 1, 0
588_10.png, 3, 1, 0
588_11.png, 3, 0, 0
589_01.png, 0, 3, 3
589_02.png, 3, 1, 0
589_03.png, 4, 0, 0
589_04.png, 2, 0, 1
590_01.png, 3, 1, 0
590_02.png, 0, 3, 3
590_03.png, 3, 0, 1
590_04.png, 3, 0, 0
591_01.png, 3, 0, 0
591_02.png, 1, 3, 3
591_03.png, 3, 0, 1
591_04.png, 3, 0, 0
592_01.png, 0, 3, 3
593_01.png, 2, 0, 0
593_02.png, 0, 3, 3
593_03.png, 2, 0, 1
594_01.png, 3, 0, 1
595_01.png, 1, 3, 3
595_02.png, 0, 3, 3
596_01.png, 3, 0, 1
597_01.png, 3, 1, 1
597_02.png, 2, 1, 0
598_01.png, 3, 0, 0
598_02.png, 3, 1, 1
599_01.png, 1, 3, 3
599_02.png, 2, 0, 0
599_03.png, 3, 1, 0
599_04.png, 3, 0, 0
600_01.png, 0, 3, 3
600_02.png, 2, 0, 1
600_03.png, 2, 1, 2
600_04.png, 0, 3, 3
601_01.png, 0, 3, 3
601_02.png, 1, 3, 3
601_03.png, 3, 0, 0
601_04.png, 2, 0, 0
602_01.png, 3, 0, 1
602_02.png, 3, 1, 0
602_03.png, 2, 0, 2
602_04.png, 3, 1, 2
603_01.png, 3, 2, 1
603_02.png, 3, 0, 0
603_03.png, 3, 0, 0
603_04.png, 3, 0, 0
603_05.png, 3, 0, 1
603_06.png, 3, 0, 0
603_07.png, 3, 0, 1
603_08.png, 3, 0, 0
603_09.png, 3, 0, 1
604_01.png, 4, 0, 0
604_02.png, 3, 0, 0
604_03.png, 4, 0, 1
604_04.png, 1, 3, 3
605_01.png, 3, 0, 1
605_02.png, 3, 0, 1
605_03.png, 3, 0, 0
605_04.png, 3, 0, 0
606_01.png, 0, 3, 3
606_02.png, 3, 0, 0
606_03.png, 3, 0, 0
607_01.png, 2, 1, 0
607_02.png, 2, 0, 0
607_03.png, 1, 3, 3
607_04.png, 3, 0, 0
607_05.png, 3, 1, 1
607_06.png, 4, 0, 0
607_07.png, 3, 1, 0
607_08.png, 4, 1, 0
607_09.png, 3, 0, 2
607_10.png, 2, 0, 0
608_01.png, 2, 1, 0
608_02.png, 3, 0, 0
608_03.png, 2, 0, 2
608_04.png, 3, 2, 1
608_05.png, 3, 0, 1
609_01.png, 3, 1, 0
609_02.png, 3, 0, 1
610_01.png, 4, 0, 0
610_02.png, 3, 1, 0
610_03.png, 2, 1, 0
610_04.png, 1, 3, 3
610_05.png, 2, 0, 2
611_01.png, 2, 0, 0
611_02.png, 3, 1, 1
612_01.png, 4, 0, 0
613_01.png, 2, 1, 1
614_01.png, 0, 3, 3
614_02.png, 1, 3, 3
614_03.png, 0, 3, 3
615_01.png, 3, 0, 1
615_02.png, 2, 0, 0
615_03.png, 1, 3, 3
615_04.png, 4, 0, 0
616_01.png, 3, 0, 0
616_02.png, 1, 3, 3
616_03.png, 3, 1, 0
616_04.png, 0, 3, 3
617_01.png, 3, 0, 0
617_02.png, 1, 3, 3
617_03.png, 3, 0, 0
617_04.png, 0, 3, 3
618_01.png, 1, 3, 3
618_02.png, 2, 0, 1
618_03.png, 1, 3, 3
618_04.png, 0, 3, 3
619_01.png, 2, 0, 2
619_02.png, 3, 0, 2
620_01.png, 2, 0, 0
621_01.png, 2, 0, 0
621_02.png, 3, 0, 1
622_01.png, 3, 0, 1
622_02.png, 1, 3, 3
623_01.png, 3, 0, 2
623_02.png, 3, 0, 0
624_01.png, 4, 0, 1
624_02.png, 4, 0, 1
624_03.png, 4, 1, 0
624_04.png, 4, 0, 2
625_01.png, 3, 0, 1
625_02.png, 3, 1, 1
625_03.png, 3, 0, 0
626_01.png, 1, 3, 3
626_02.png, 1, 3, 3
626_03.png, 2, 0, 0
626_04.png, 2, 1, 0
626_05.png, 0, 3, 3
626_06.png, 3, 0, 0
626_07.png, 3, 0, 0
626_08.png, 2, 0, 0
626_09.png, 1, 3, 3
627_01.png, 1, 3, 3
627_02.png, 2, 0, 0
627_03.png, 3, 0, 0
627_04.png, 1, 3, 3
628_01.png, 2, 0, 1
628_02.png, 2, 0, 0
628_03.png, 2, 1, 0
628_04.png, 1, 3, 3
628_05.png, 3, 0, 0
628_06.png, 3, 0, 0
628_07.png, 1, 3, 3
628_08.png, 3, 0, 0
629_01.png, 2, 0, 0
629_02.png, 1, 3, 3
629_03.png, 2, 0, 1
629_04.png, 3, 0, 0
629_05.png, 3, 0, 2
629_06.png, 1, 3, 3
629_07.png, 2, 0, 1
629_08.png, 3, 0, 1
629_09.png, 3, 1, 2
630_01.png, 3, 0, 0
630_02.png, 1, 3, 3
630_03.png, 2, 0, 0
630_04.png, 3, 0, 0
631_01.png, 2, 1, 0
631_02.png, 3, 0, 0
631_03.png, 3, 0, 0
631_04.png, 3, 0, 0
631_05.png, 3, 0, 0
631_06.png, 3, 0, 1
631_07.png, 3, 0, 1
631_08.png, 3, 1, 1
631_09.png, 3, 0, 1
632_01.png, 2, 0, 0
632_02.png, 2, 0, 0
632_03.png, 3, 0, 0
632_04.png, 3, 0, 0
633_01.png, 2, 0, 0
633_02.png, 1, 3, 3
634_01.png, 2, 1, 0
634_02.png, 3, 0, 0
634_03.png, 1, 3, 3
634_04.png, 2, 0, 1
634_05.png, 2, 0, 0
635_01.png, 3, 0, 0
635_02.png, 3, 0, 1
635_03.png, 3, 1, 1
636_01.png, 3, 0, 0
636_02.png, 2, 0, 0
636_03.png, 1, 3, 3
636_04.png, 3, 0, 0
636_05.png, 2, 0, 0
636_06.png, 2, 0, 0
636_07.png, 2, 0, 0
636_08.png, 2, 0, 1
636_09.png, 3, 0, 1
637_01.png, 3, 0, 0
637_02.png, 3, 0, 0
637_03.png, 3, 0, 0
637_04.png, 2, 2, 1
638_01.png, 4, 0, 1
639_01.png, 1, 3, 3
639_02.png, 2, 1, 0
639_03.png, 3, 0, 0
639_04.png, 2, 0, 0
639_05.png, 2, 0, 0
639_06.png, 3, 0, 0
639_07.png, 3, 0, 0
640_01.png, 2, 0, 0
640_02.png, 3, 0, 1
640_03.png, 2, 0, 0
640_04.png, 4, 0, 0
641_01.png, 3, 0, 0
642_01.png, 2, 1, 0
642_02.png, 3, 0, 0
642_03.png, 2, 0, 0
642_04.png, 3, 0, 0
643_01.png, 3, 0, 0
643_02.png, 3, 1, 0
643_03.png, 3, 0, 0
644_01.png, 2, 0, 0
644_02.png, 3, 0, 0
644_03.png, 3, 0, 0
645_01.png, 3, 0, 0
646_01.png, 3, 0, 1
646_02.png, 4, 0, 0
646_03.png, 3, 1, 0
646_04.png, 2, 0, 1
646_05.png, 2, 1, 1
647_01.png, 3, 0, 0
647_02.png, 4, 0, 0
647_03.png, 1, 3, 3
648_01.png, 3, 1, 0
648_02.png, 3, 0, 0
648_03.png, 3, 1, 0
648_04.png, 3, 0, 0
648_05.png, 3, 0, 0
648_06.png, 2, 0, 0
648_07.png, 3, 0, 0
648_08.png, 4, 0, 0
648_09.png, 3, 0, 0
649_01.png, 2, 0, 0
649_02.png, 2, 0, 0
649_03.png, 2, 0, 0
649_04.png, 2, 0, 0
649_05.png, 2, 1, 0
649_06.png, 2, 1, 0
649_07.png, 1, 3, 3
650_01.png, 2, 1, 2
651_01.png, 4, 1, 0
652_01.png, 3, 0, 0
652_02.png, 3, 0, 0
652_03.png, 3, 0, 0
652_04.png, 3, 0, 0
653_01.png, 3, 0, 0
654_01.png, 3, 1, 2
654_02.png, 1, 3, 3
654_03.png, 1, 3, 3
655_01.png, 3, 0, 0
655_02.png, 3, 1, 0
655_03.png, 3, 0, 1
656_01.png, 3, 1, 0
656_02.png, 2, 0, 1
657_01.png, 2, 0, 0
657_02.png, 2, 0, 0
657_03.png, 0, 3, 3
657_04.png, 1, 3, 3
657_05.png, 3, 0, 1
657_06.png, 3, 1, 0
658_01.png, 3, 0, 0
658_02.png, 4, 0, 0
658_03.png, 3, 1, 0
658_04.png, 2, 0, 1
658_05.png, 2, 0, 0
658_06.png, 3, 1, 0
658_07.png, 3, 0, 0
658_08.png, 3, 0, 0
659_01.png, 1, 3, 3
660_01.png, 3, 0, 1
660_02.png, 0, 3, 3
660_03.png, 0, 3, 3
661_01.png, 3, 0, 0
661_02.png, 2, 0, 1
662_01.png, 1, 3, 3
662_02.png, 2, 1, 2
663_01.png, 3, 0, 0
664_01.png, 4, 0, 0
664_02.png, 0, 3, 3
665_01.png, 3, 0, 0
665_02.png, 3, 0, 1
666_01.png, 3, 1, 1
666_02.png, 3, 0, 1
666_03.png, 3, 1, 2
666_04.png, 2, 0, 1
666_05.png, 3, 0, 0
666_06.png, 3, 0, 0
667_01.png, 2, 1, 1
667_02.png, 3, 0, 2
668_01.png, 3, 0, 0
668_02.png, 3, 0, 0
669_01.png, 2, 1, 2
670_01.png, 3, 0, 1
671_01.png, 4, 1, 0
672_01.png, 2, 0, 1
672_02.png, 1, 3, 3
673_01.png, 0, 3, 3
674_01.png, 3, 0, 0
674_02.png, 2, 0, 1
674_03.png, 0, 3, 3
675_01.png, 0, 3, 3
676_01.png, 3, 0, 1
676_02.png, 1, 3, 3
677_01.png, 3, 0, 0
677_02.png, 0, 3, 3
678_01.png, 3, 0, 1
678_02.png, 3, 1, 1
678_03.png, 3, 0, 1
679_01.png, 3, 0, 1
680_01.png, 2, 0, 0
680_02.png, 3, 0, 1
681_01.png, 3, 0, 0
682_01.png, 1, 3, 3
683_01.png, 1, 3, 3
684_01.png, 3, 0, 0
684_02.png, 1, 3, 3
684_03.png, 0, 3, 3
685_01.png, 3, 1, 1
686_01.png, 3, 0, 0
686_02.png, 1, 3, 3
686_03.png, 2, 0, 0
687_01.png, 3, 0, 0
687_02.png, 0, 3, 3
687_03.png, 0, 3, 3
688_01.png, 3, 0, 0
689_01.png, 3, 1, 0
689_02.png, 3, 0, 1
690_01.png, 3, 0, 0
690_02.png, 2, 0, 1
691_01.png, 3, 0, 0
691_02.png, 2, 0, 0
692_01.png, 2, 0, 0
692_02.png, 1, 3, 3
693_01.png, 3, 0, 1
693_02.png, 1, 3, 3
694_01.png, 3, 0, 0
695_01.png, 2, 0, 1
695_02.png, 2, 0, 1
696_01.png, 3, 0, 0
696_02.png, 3, 0, 1
697_01.png, 3, 0, 0
697_02.png, 0, 3, 3
698_01.png, 2, 0, 0
698_02.png, 2, 0, 1
698_03.png, 0, 3, 3
699_01.png, 3, 1, 1
700_01.png, 1, 3, 3
701_01.png, 4, 0, 0
701_02.png, 1, 3, 3
701_03.png, 2, 0, 1
702_01.png, 2, 1, 0
703_01.png, 3, 0, 0
704_01.png, 3, 0, 0
704_02.png, 3, 0, 0
705_01.png, 2, 0, 1
706_01.png, 2, 1, 0
706_02.png, 3, 1, 0
707_01.png, 3, 1, 0
707_02.png, 3, 0, 1
708_01.png, 3, 0, 0
708_02.png, 2, 1, 1
709_01.png, 3, 0, 0
709_02.png, 3, 0, 1
710_01.png, 3, 0, 1
710_02.png, 2, 0, 0
710_03.png, 3, 1, 0
710_04.png, 3, 0, 0
710_05.png, 3, 1, 0
710_06.png, 3, 0, 0
711_01.png, 3, 0, 0
712_01.png, 3, 0, 0
712_02.png, 3, 0, 0
713_01.png, 3, 0, 0
713_02.png, 3, 1, 1
714_01.png, 3, 0, 0
714_02.png, 2, 1, 0
715_01.png, 3, 0, 0
715_02.png, 2, 1, 0
715_03.png, 3, 0, 0
716_01.png, 3, 0, 0
716_02.png, 2, 0, 0
716_03.png, 2, 0, 0
717_01.png, 1, 3, 3
717_02.png, 1, 3, 3
718_01.png, 0, 3, 3
719_01.png, 3, 0, 0
719_02.png, 3, 0, 0
720_01.png, 4, 0, 0
721_01.png, 4, 0, 0
721_02.png, 3, 0, 0
721_03.png, 3, 0, 0
722_01.png, 0, 3, 3
723_01.png, 3, 0, 0
724_01.png, 4, 0, 0
724_02.png, 3, 0, 0
724_03.png, 3, 0, 0
724_04.png, 2, 0, 0
725_01.png, 2, 0, 0
726_01.png, 4, 0, 1
726_02.png, 4, 0, 0
726_03.png, 2, 0, 0
726_04.png, 1, 3, 3
727_01.png, 3, 1, 2
728_01.png, 3, 0, 0
728_02.png, 0, 3, 3
728_03.png, 3, 0, 1
728_04.png, 3, 0, 1
729_01.png, 2, 0, 0
730_01.png, 3, 1, 1
730_02.png, 2, 1, 0
731_01.png, 3, 1, 0
731_02.png, 3, 0, 1
731_03.png, 1, 3, 3
732_01.png, 4, 0, 0
732_02.png, 3, 0, 1
732_03.png, 3, 0, 1
732_04.png, 3, 0, 1
733_01.png, 0, 3, 3
734_01.png, 3, 0, 1
735_01.png, 3, 0, 0
736_01.png, 2, 0, 0
736_02.png, 2, 0, 1
737_01.png, 1, 3, 3
738_01.png, 3, 0, 0
739_01.png, 3, 0, 0
739_02.png, 3, 1, 1
740_01.png, 3, 0, 0
741_01.png, 3, 0, 0
741_02.png, 3, 1, 0
742_01.png, 3, 0, 0
742_02.png, 3, 0, 1
743_01.png, 3, 0, 0
743_02.png, 2, 1, 0
744_01.png, 2, 0, 1
745_01.png, 2, 0, 1
746_01.png, 0, 3, 3
747_01.png, 2, 1, 0
748_01.png, 3, 1, 1
748_02.png, 3, 1, 0
748_03.png, 3, 0, 0
749_01.png, 4, 0, 0
749_02.png, 3, 0, 1
750_01.png, 3, 0, 0
750_02.png, 3, 0, 0
751_01.png, 4, 0, 0
751_02.png, 3, 0, 1
751_03.png, 4, 0, 0
752_01.png, 3, 0, 0
752_02.png, 3, 0, 0
753_01.png, 3, 0, 0
753_02.png, 3, 0, 1
753_03.png, 2, 0, 1
753_04.png, 3, 0, 0
753_05.png, 2, 0, 1
753_06.png, 1, 3, 3
754_01.png, 3, 0, 0
754_02.png, 3, 0, 1
755_01.png, 2, 0, 0
756_01.png, 3, 0, 0
756_02.png, 1, 3, 3
757_01.png, 4, 0, 0
757_02.png, 0, 3, 3
758_01.png, 4, 0, 0
758_02.png, 2, 1, 1
758_03.png, 3, 0, 0
759_01.png, 2, 1, 0
759_02.png, 3, 0, 0
759_03.png, 2, 0, 0
759_04.png, 2, 0, 0
760_01.png, 2, 1, 1
760_02.png, 0, 3, 3
761_01.png, 3, 0, 0
761_02.png, 3, 0, 0
761_03.png, 3, 0, 1
762_01.png, 2, 0, 0
763_01.png, 3, 0, 1
763_02.png, 3, 1, 1
763_03.png, 2, 1, 0
764_01.png, 1, 3, 3
765_01.png, 2, 0, 0
766_01.png, 2, 2, 0
767_01.png, 4, 0, 0
767_02.png, 3, 0, 0
767_03.png, 3, 0, 0
767_04.png, 3, 0, 0
768_01.png, 1, 3, 3
769_01.png, 3, 0, 0
770_01.png, 3, 0, 0
771_01.png, 3, 0, 1
772_01.png, 1, 3, 3
772_02.png, 2, 0, 0
772_03.png, 2, 0, 0
773_01.png, 3, 0, 0
773_02.png, 2, 1, 1
773_03.png, 2, 0, 1
773_04.png, 2, 1, 0
774_01.png, 2, 1, 2
775_01.png, 3, 0, 0
775_02.png, 3, 0, 0
775_03.png, 3, 0, 0
775_04.png, 3, 0, 0
776_01.png, 3, 0, 0
776_02.png, 3, 1, 0
777_01.png, 0, 3, 3
777_02.png, 3, 0, 0
778_01.png, 4, 0, 0
778_02.png, 3, 0, 0
779_01.png, 3, 0, 1
780_01.png, 3, 0, 0
781_01.png, 3, 0, 0
781_02.png, 3, 0, 0
781_03.png, 2, 0, 0
781_04.png, 2, 1, 0
781_05.png, 3, 1, 0
782_01.png, 3, 0, 1
782_02.png, 3, 0, 1
783_01.png, 3, 0, 0
784_01.png, 3, 1, 0
784_02.png, 2, 1, 1
785_01.png, 3, 0, 0
785_02.png, 2, 1, 0
785_03.png, 2, 0, 0
786_01.png, 3, 1, 0
787_01.png, 1, 3, 3
788_01.png, 1, 3, 3
789_01.png, 1, 3, 3
789_02.png, 2, 1, 0
790_01.png, 3, 0, 0
790_02.png, 2, 0, 0
790_03.png, 3, 0, 0
791_01.png, 3, 0, 0
792_01.png, 2, 1, 0
792_02.png, 1, 3, 3
792_03.png, 0, 3, 3
793_01.png, 3, 0, 1
794_01.png, 2, 0, 0
795_01.png, 3, 0, 1
796_01.png, 2, 0, 0
796_02.png, 2, 0, 0
797_01.png, 3, 0, 0
798_01.png, 4, 0, 0
798_02.png, 3, 0, 0
799_01.png, 3, 0, 0
799_02.png, 0, 3, 3
800_01.png, 4, 0, 0
800_02.png, 1, 3, 3
801_01.png, 2, 0, 0
801_02.png, 3, 0, 1
802_01.png, 3, 0, 0
802_02.png, 3, 0, 0
803_01.png, 3, 0, 0
803_02.png, 2, 0, 1
804_01.png, 3, 0, 0
805_01.png, 3, 0, 0
805_02.png, 2, 0, 0
805_03.png, 1, 3, 3
806_01.png, 0, 3, 3
806_02.png, 0, 3, 3
806_03.png, 1, 3, 3
807_01.png, 1, 3, 3
807_02.png, 2, 0, 1
808_01.png, 3, 0, 0
808_02.png, 3, 0, 0
808_03.png, 3, 0, 0
808_04.png, 3, 0, 1
808_05.png, 3, 0, 0
809_01.png, 3, 0, 0
810_01.png, 3, 0, 0
810_02.png, 3, 0, 1
810_03.png, 2, 0, 0
811_01.png, 3, 0, 0
811_02.png, 3, 0, 0
811_03.png, 1, 3, 3
811_04.png, 2, 0, 0
812_01.png, 3, 0, 0
812_02.png, 2, 0, 0
813_01.png, 2, 0, 1
813_02.png, 2, 2, 0
814_01.png, 2, 1, 0
815_01.png, 3, 0, 0
815_02.png, 3, 0, 0
816_01.png, 2, 1, 0
816_02.png, 3, 1, 0
817_01.png, 3, 1, 0
818_01.png, 3, 0, 0
819_01.png, 2, 1, 0
820_01.png, 3, 1, 0
821_01.png, 3, 0, 0
821_02.png, 3, 0, 1
821_03.png, 1, 3, 3
822_01.png, 2, 0, 0
823_01.png, 3, 0, 1
823_02.png, 2, 0, 0
823_03.png, 3, 0, 0
824_01.png, 2, 0, 0
824_02.png, 3, 1, 2
824_03.png, 2, 0, 0
824_04.png, 4, 0, 0
824_05.png, 3, 0, 0
825_01.png, 2, 0, 0
826_01.png, 3, 0, 0
826_02.png, 3, 0, 0
827_01.png, 4, 0, 0
828_01.png, 3, 0, 0
828_02.png, 2, 0, 1
829_01.png, 3, 0, 0
830_01.png, 3, 1, 0
830_02.png, 3, 0, 0
831_01.png, 3, 1, 0
832_01.png, 3, 0, 0
832_02.png, 3, 1, 0
833_01.png, 1, 3, 3
833_02.png, 4, 0, 1
834_01.png, 4, 0, 0
834_02.png, 3, 0, 0
834_03.png, 3, 0, 0
835_01.png, 3, 0, 0
835_02.png, 3, 0, 1
835_03.png, 3, 0, 0
835_04.png, 3, 0, 0
835_05.png, 3, 0, 0
835_06.png, 3, 0, 0
835_07.png, 3, 0, 0
835_08.png, 4, 1, 0
835_09.png, 2, 0, 1
835_10.png, 3, 0, 0
836_01.png, 3, 0, 1
836_02.png, 2, 0, 0
836_03.png, 3, 0, 0
836_04.png, 4, 0, 1
836_05.png, 4, 0, 0
837_01.png, 3, 0, 1
837_02.png, 2, 0, 1
838_01.png, 4, 0, 0
838_02.png, 3, 0, 0
838_02.png, 4, 0, 0
839_01.png, 3, 0, 0
839_02.png, 1, 3, 3
839_03.png, 0, 3, 3
839_04.png, 3, 1, 1
840_01.png, 3, 0, 0
841_01.png, 3, 1, 0
841_02.png, 3, 0, 0
841_03.png, 3, 1, 1
841_04.png, 2, 1, 0
842_01.png, 3, 0, 0
842_02.png, 3, 0, 0
842_03.png, 2, 1, 1
843_01.png, 3, 0, 0
843_02.png, 2, 1, 0
843_03.png, 3, 0, 1
843_04.png, 3, 0, 0
844_01.png, 3, 0, 0
844_02.png, 3, 0, 0
845_01.png, 3, 0, 0
845_02.png, 3, 0, 1
846_02.png, 3, 0, 0
846_03.png, 0, 3, 3
846_04.png, 3, 0, 0
847_01.png, 3, 0, 1
847_02.png, 2, 1, 1
848_01.png, 3, 0, 0
848_02.png, 3, 0, 0
848_03.png, 3, 0, 0
849_01.png, 4, 0, 0
849_02.png, 2, 0, 0
850_01.png, 1, 3, 3
850_02.png, 1, 3, 3
851_01.png, 2, 1, 1
851_02.png, 3, 0, 1
852_01.png, 1, 3, 3
853_01.png, 3, 0, 0
853_02.png, 2, 0, 0
853_03.png, 2, 0, 0
854_01.png, 3, 0, 0
854_02.png, 2, 0, 1
855_01.png, 3, 0, 0
855_02.png, 2, 0, 0
856_01.png, 4, 0, 0
856_02.png, 3, 0, 0
856_03.png, 2, 0, 1
856_04.png, 3, 0, 0
857_01.png, 3, 0, 0
857_02.png, 2, 0, 0
858_01.png, 3, 0, 0
858_02.png, 3, 0, 1
858_03.png, 3, 0, 1
858_04.png, 3, 0, 0
858_05.png, 3, 0, 0
858_06.png, 3, 0, 0
858_07.png, 4, 1, 0
858_08.png, 3, 0, 1
858_09.png, 3, 0, 0
858_10.png, 3, 0, 0
859_01.png, 1, 3, 3
859_02.png, 3, 0, 1
860_01.png, 2, 0, 1
860_02.png, 3, 0, 1
861_01.png, 2, 0, 0
861_02.png, 2, 0, 0
861_03.png, 4, 0, 0
861_04.png, 2, 0, 0
861_05.png, 3, 0, 0
861_06.png, 3, 0, 0
861_07.png, 3, 2, 0
861_08.png, 0, 3, 3
861_09.png, 3, 0, 0
